REPORT01 - コピー (10) - コピー - コピー.pdf,REPORT01.pdf
REPORT01 - コピー (10) - コピー.pdf,REPORT02.pdf
REPORT01 - コピー (10).pdf,REPORT03.pdf
REPORT01 - コピー (11) - コピー.pdf,REPORT04.pdf
REPORT01 - コピー (11).pdf,REPORT05.pdf
REPORT01 - コピー (12) - コピー.pdf,REPORT06.pdf
REPORT01 - コピー (12).pdf,REPORT07.pdf
REPORT01 - コピー (13) - コピー.pdf,REPORT08.pdf
REPORT01 - コピー (13).pdf,REPORT09.pdf
REPORT01 - コピー (14) - コピー.pdf,REPORT10.pdf
REPORT01 - コピー (14).pdf,REPORT11.pdf
REPORT01 - コピー (15) - コピー.pdf,REPORT12.pdf
REPORT01 - コピー (15).pdf,REPORT13.pdf
REPORT01 - コピー (16) - コピー.pdf,REPORT14.pdf
REPORT01 - コピー (16).pdf,REPORT15.pdf
REPORT01 - コピー (17) - コピー.pdf,REPORT16.pdf
REPORT01 - コピー (18) - コピー.pdf,REPORT17.pdf
REPORT01 - コピー (19) - コピー.pdf,REPORT18.pdf
REPORT01 - コピー (2) - コピー.pdf,REPORT19.pdf
REPORT01 - コピー (2).pdf,REPORT20.pdf
REPORT01 - コピー (20) - コピー.pdf,REPORT21.pdf
REPORT01 - コピー (21) - コピー.pdf,REPORT22.pdf
REPORT01 - コピー (22) - コピー.pdf,REPORT23.pdf
REPORT01 - コピー (23) - コピー.pdf,REPORT24.pdf
REPORT01 - コピー (24) - コピー.pdf,REPORT25.pdf
REPORT01 - コピー (25) - コピー.pdf,REPORT26.pdf
REPORT01 - コピー (26) - コピー.pdf,REPORT27.pdf
REPORT01 - コピー (27) - コピー.pdf,REPORT28.pdf
REPORT01 - コピー (28) - コピー.pdf,REPORT29.pdf
REPORT01 - コピー (3) - コピー.pdf,REPORT30.pdf
REPORT01 - コピー (3).pdf,REPORT31.pdf
REPORT01 - コピー (4) - コピー.pdf,REPORT32.pdf
REPORT01 - コピー (4).pdf,REPORT33.pdf
REPORT01 - コピー (5) - コピー.pdf,REPORT34.pdf
REPORT01 - コピー (5).pdf,REPORT35.pdf
REPORT01 - コピー (6) - コピー.pdf,REPORT36.pdf
REPORT01 - コピー (6).pdf,REPORT37.pdf
REPORT01 - コピー (7) - コピー.pdf,REPORT38.pdf
REPORT01 - コピー (7).pdf,REPORT39.pdf
REPORT01 - コピー (8) - コピー.pdf,REPORT40.pdf
REPORT01 - コピー (8).pdf,REPORT41.pdf
REPORT01 - コピー (9) - コピー.pdf,REPORT42.pdf
REPORT01 - コピー (9).pdf,REPORT43.pdf
REPORT01 - コピー - コピー (2).pdf,REPORT44.pdf
REPORT01 - コピー - コピー.pdf,REPORT45.pdf
REPORT01 - コピー.pdf,REPORT46.pdf
REPORT01.pdf,REPORT47.pdf
